trial,testing,parameters,initial_deadline,final_deadline,net_reward,actions,success
1,False,"{'a': 0.9, 'e': 1}",25,0,-136.53334497083657,"{0: 14, 1: 4, 2: 5, 3: 0, 4: 2}",0
2,False,"{'a': 0.9, 'e': 1}",25,0,-157.41912458166883,"{0: 12, 1: 4, 2: 7, 3: 0, 4: 2}",0
3,False,"{'a': 0.9, 'e': 1}",25,0,-142.78208453309455,"{0: 15, 1: 2, 2: 5, 3: 1, 4: 2}",0
4,False,"{'a': 0.9, 'e': 1}",20,0,-67.06150256834616,"{0: 15, 1: 1, 2: 2, 3: 1, 4: 1}",0
5,False,"{'a': 0.9, 'e': 1}",20,0,-39.27205580743915,"{0: 15, 1: 1, 2: 3, 3: 1, 4: 0}",0
6,False,"{'a': 0.9, 'e': 1}",20,0,-138.17108846328927,"{0: 11, 1: 0, 2: 7, 3: 0, 4: 2}",0
7,False,"{'a': 0.9, 'e': 1}",20,6,-25.23966190463407,"{0: 10, 1: 1, 2: 3, 3: 0, 4: 0}",1
8,False,"{'a': 0.9, 'e': 1}",35,0,-249.4996153539638,"{0: 19, 1: 4, 2: 7, 3: 1, 4: 4}",0
9,False,"{'a': 0.9, 'e': 1}",30,0,-184.73409496979178,"{0: 19, 1: 2, 2: 5, 3: 1, 4: 3}",0
10,False,"{'a': 0.9, 'e': 1}",25,0,-87.28220660815836,"{0: 19, 1: 2, 2: 2, 3: 0, 4: 2}",0
11,False,"{'a': 0.9, 'e': 1}",20,0,-53.112792287726734,"{0: 16, 1: 1, 2: 2, 3: 0, 4: 1}",0
12,False,"{'a': 0.9, 'e': 1}",25,0,-57.94863651377984,"{0: 18, 1: 2, 2: 3, 3: 2, 4: 0}",0
13,False,"{'a': 0.9, 'e': 1}",20,0,-108.73685404384452,"{0: 9, 1: 4, 2: 6, 3: 0, 4: 1}",0
14,False,"{'a': 0.9, 'e': 1}",20,0,-87.35293324349509,"{0: 14, 1: 4, 2: 0, 3: 0, 4: 2}",0
15,False,"{'a': 0.9, 'e': 1}",20,0,-130.73212716503286,"{0: 14, 1: 1, 2: 2, 3: 0, 4: 3}",0
16,False,"{'a': 0.9, 'e': 1}",25,0,-83.37224803238873,"{0: 19, 1: 2, 2: 2, 3: 0, 4: 2}",0
17,False,"{'a': 0.9, 'e': 1}",20,2,-11.826026008889428,"{0: 13, 1: 3, 2: 2, 3: 0, 4: 0}",1
18,False,"{'a': 0.9, 'e': 1}",25,0,-86.02951896456744,"{0: 17, 1: 3, 2: 3, 3: 1, 4: 1}",0
19,False,"{'a': 0.9, 'e': 1}",25,0,-149.64700924623762,"{0: 14, 1: 3, 2: 5, 3: 1, 4: 2}",0
20,False,"{'a': 0.9, 'e': 1}",20,0,-146.99464199385156,"{0: 13, 1: 2, 2: 1, 3: 1, 4: 3}",0
21,False,"{'a': 0.9, 'e': 1}",30,0,-107.70059196076657,"{0: 21, 1: 3, 2: 3, 3: 2, 4: 1}",0
22,False,"{'a': 0.9, 'e': 1}",20,0,-114.04356557402498,"{0: 8, 1: 6, 2: 5, 3: 0, 4: 1}",0
23,False,"{'a': 0.9, 'e': 1}",30,0,-23.772276313862346,"{0: 24, 1: 2, 2: 4, 3: 0, 4: 0}",0
24,False,"{'a': 0.9, 'e': 1}",20,0,-127.88598466225068,"{0: 13, 1: 0, 2: 4, 3: 1, 4: 2}",0
25,False,"{'a': 0.9, 'e': 1}",20,0,-56.89242257583755,"{0: 15, 1: 2, 2: 2, 3: 0, 4: 1}",0
26,False,"{'a': 0.9, 'e': 1}",25,0,-104.77085798042845,"{0: 17, 1: 1, 2: 4, 3: 2, 4: 1}",0
27,False,"{'a': 0.9, 'e': 1}",20,0,-88.31388878277915,"{0: 14, 1: 3, 2: 1, 3: 0, 4: 2}",0
28,False,"{'a': 0.9, 'e': 1}",25,15,-12.060721158788262,"{0: 8, 1: 1, 2: 0, 3: 1, 4: 0}",1
29,False,"{'a': 0.9, 'e': 1}",25,0,-179.31035530618007,"{0: 15, 1: 1, 2: 4, 3: 2, 4: 3}",0
30,False,"{'a': 0.9, 'e': 1}",20,0,-32.312782712131934,"{0: 13, 1: 5, 2: 2, 3: 0, 4: 0}",0
31,False,"{'a': 0.9, 'e': 1}",20,0,-90.82622059935748,"{0: 12, 1: 4, 2: 2, 3: 1, 4: 1}",0
32,False,"{'a': 0.9, 'e': 1}",20,0,-69.21342826803748,"{0: 14, 1: 2, 2: 2, 3: 1, 4: 1}",0
33,False,"{'a': 0.9, 'e': 1}",20,7,-3.1545572471960046,"{0: 11, 1: 0, 2: 2, 3: 0, 4: 0}",1
34,False,"{'a': 0.9, 'e': 1}",25,0,-83.13870107210734,"{0: 17, 1: 1, 2: 4, 3: 3, 4: 0}",0
35,False,"{'a': 0.9, 'e': 1}",30,0,-120.37884477229868,"{0: 18, 1: 6, 2: 3, 3: 2, 4: 1}",0
36,False,"{'a': 0.9, 'e': 1}",25,0,-61.885036479886224,"{0: 17, 1: 2, 2: 5, 3: 1, 4: 0}",0
37,False,"{'a': 0.9, 'e': 1}",25,0,-123.07029567085769,"{0: 13, 1: 2, 2: 7, 3: 3, 4: 0}",0
38,False,"{'a': 0.9, 'e': 1}",35,0,-87.22000758200636,"{0: 25, 1: 4, 2: 4, 3: 1, 4: 1}",0
39,False,"{'a': 0.9, 'e': 1}",20,0,-75.79612732880254,"{0: 13, 1: 2, 2: 4, 3: 0, 4: 1}",0
40,False,"{'a': 0.9, 'e': 1}",25,0,-109.83176419971949,"{0: 15, 1: 3, 2: 5, 3: 1, 4: 1}",0
41,False,"{'a': 0.9, 'e': 1}",25,0,-162.34740152617454,"{0: 18, 1: 0, 2: 2, 3: 2, 4: 3}",0
42,False,"{'a': 0.9, 'e': 1}",25,0,-64.70691609845417,"{0: 18, 1: 3, 2: 1, 3: 3, 4: 0}",0
43,False,"{'a': 0.9, 'e': 1}",25,0,-73.15254435103995,"{0: 18, 1: 2, 2: 3, 3: 1, 4: 1}",0
44,False,"{'a': 0.9, 'e': 1}",20,0,-160.22978509176406,"{0: 11, 1: 1, 2: 5, 3: 0, 4: 3}",0
45,False,"{'a': 0.9, 'e': 1}",30,0,-301.9005314213462,"{0: 16, 1: 1, 2: 6, 3: 1, 4: 6}",0
46,False,"{'a': 0.9, 'e': 1}",20,0,-145.51389047198654,"{0: 11, 1: 1, 2: 5, 3: 1, 4: 2}",0
47,False,"{'a': 0.9, 'e': 1}",20,0,-59.00844789075446,"{0: 14, 1: 1, 2: 3, 3: 2, 4: 0}",0
48,False,"{'a': 0.9, 'e': 1}",25,0,-69.51924261314569,"{0: 18, 1: 1, 2: 5, 3: 0, 4: 1}",0
49,False,"{'a': 0.9, 'e': 1}",25,0,-39.94451729077248,"{0: 18, 1: 1, 2: 6, 3: 0, 4: 0}",0
50,False,"{'a': 0.9, 'e': 1}",25,0,-131.58931188011138,"{0: 13, 1: 2, 2: 8, 3: 1, 4: 1}",0
51,False,"{'a': 0.9, 'e': 1}",35,0,-368.54654986238467,"{0: 16, 1: 4, 2: 7, 3: 1, 4: 7}",0
52,False,"{'a': 0.9, 'e': 1}",20,0,-151.53398442921267,"{0: 13, 1: 1, 2: 2, 3: 1, 4: 3}",0
53,False,"{'a': 0.9, 'e': 1}",20,0,-167.24880350590337,"{0: 10, 1: 2, 2: 5, 3: 0, 4: 3}",1
54,False,"{'a': 0.9, 'e': 1}",20,0,-79.89086953771147,"{0: 12, 1: 1, 2: 5, 3: 2, 4: 0}",0
55,False,"{'a': 0.9, 'e': 1}",20,0,-121.8586039372662,"{0: 11, 1: 1, 2: 5, 3: 2, 4: 1}",0
56,False,"{'a': 0.9, 'e': 1}",20,0,-112.37608450398011,"{0: 12, 1: 1, 2: 4, 3: 2, 4: 1}",0
57,False,"{'a': 0.9, 'e': 1}",20,0,-99.34212534341094,"{0: 14, 1: 0, 2: 4, 3: 0, 4: 2}",0
58,False,"{'a': 0.9, 'e': 1}",20,0,-150.6292573692402,"{0: 9, 1: 3, 2: 5, 3: 1, 4: 2}",0
59,False,"{'a': 0.9, 'e': 1}",25,0,-141.95587644234755,"{0: 13, 1: 2, 2: 7, 3: 2, 4: 1}",0
60,False,"{'a': 0.9, 'e': 1}",20,0,-107.40221005960375,"{0: 11, 1: 0, 2: 8, 3: 0, 4: 1}",0
61,False,"{'a': 0.9, 'e': 1}",25,0,-70.90490700757277,"{0: 16, 1: 4, 2: 3, 3: 2, 4: 0}",0
62,False,"{'a': 0.9, 'e': 1}",20,0,-75.98398197403658,"{0: 14, 1: 0, 2: 5, 3: 0, 4: 1}",0
63,False,"{'a': 0.9, 'e': 1}",20,0,-28.92420232313216,"{0: 14, 1: 3, 2: 3, 3: 0, 4: 0}",0
64,False,"{'a': 0.9, 'e': 1}",25,0,-76.89964776367471,"{0: 16, 1: 1, 2: 7, 3: 1, 4: 0}",0
65,False,"{'a': 0.9, 'e': 1}",25,5,-21.075446674725175,"{0: 15, 1: 1, 2: 4, 3: 0, 4: 0}",1
66,False,"{'a': 0.9, 'e': 1}",20,0,-45.308482729822714,"{0: 13, 1: 1, 2: 6, 3: 0, 4: 0}",0
67,False,"{'a': 0.9, 'e': 1}",30,0,-111.25366351443849,"{0: 19, 1: 3, 2: 6, 3: 1, 4: 1}",0
68,False,"{'a': 0.9, 'e': 1}",35,0,-138.86071736633116,"{0: 24, 1: 2, 2: 6, 3: 1, 4: 2}",0
69,False,"{'a': 0.9, 'e': 1}",20,0,-31.55545294925187,"{0: 14, 1: 2, 2: 4, 3: 0, 4: 0}",0
70,False,"{'a': 0.9, 'e': 1}",25,0,-100.97742217604531,"{0: 17, 1: 0, 2: 6, 3: 1, 4: 1}",0
71,False,"{'a': 0.9, 'e': 1}",25,0,-93.5663542772066,"{0: 17, 1: 0, 2: 7, 3: 0, 4: 1}",0
72,False,"{'a': 0.9, 'e': 1}",25,0,-184.75102895957667,"{0: 16, 1: 3, 2: 1, 3: 1, 4: 4}",0
73,False,"{'a': 0.9, 'e': 1}",20,8,-35.4473431544505,"{0: 10, 1: 0, 2: 1, 3: 0, 4: 1}",1
74,False,"{'a': 0.9, 'e': 1}",20,10,-77.73687842633905,"{0: 7, 1: 0, 2: 1, 3: 0, 4: 2}",1
75,False,"{'a': 0.9, 'e': 1}",30,0,-124.94171168698702,"{0: 23, 1: 1, 2: 2, 3: 2, 4: 2}",0
76,False,"{'a': 0.9, 'e': 1}",25,0,-58.26069213029004,"{0: 19, 1: 2, 2: 3, 3: 0, 4: 1}",0
77,False,"{'a': 0.9, 'e': 1}",30,0,-106.71312403653994,"{0: 22, 1: 3, 2: 2, 3: 1, 4: 2}",0
78,False,"{'a': 0.9, 'e': 1}",20,0,-74.48701046290043,"{0: 13, 1: 2, 2: 4, 3: 0, 4: 1}",0
79,False,"{'a': 0.9, 'e': 1}",20,0,-40.8225692263688,"{0: 13, 1: 4, 2: 2, 3: 1, 4: 0}",0
80,False,"{'a': 0.9, 'e': 1}",25,0,-90.25885363086164,"{0: 17, 1: 0, 2: 7, 3: 0, 4: 1}",0
81,False,"{'a': 0.9, 'e': 1}",25,0,-79.38782382971485,"{0: 16, 1: 4, 2: 4, 3: 0, 4: 1}",0
82,False,"{'a': 0.9, 'e': 1}",25,0,-40.18710308304881,"{0: 17, 1: 5, 2: 3, 3: 0, 4: 0}",0
83,False,"{'a': 0.9, 'e': 1}",25,0,-202.58561817000182,"{0: 15, 1: 1, 2: 4, 3: 1, 4: 4}",0
84,False,"{'a': 0.9, 'e': 1}",35,0,-155.8953410504292,"{0: 23, 1: 2, 2: 6, 3: 2, 4: 2}",0
85,False,"{'a': 0.9, 'e': 1}",20,0,-117.31785479429165,"{0: 13, 1: 1, 2: 3, 3: 1, 4: 2}",0
86,False,"{'a': 0.9, 'e': 1}",20,0,-142.53528363830466,"{0: 10, 1: 2, 2: 6, 3: 0, 4: 2}",0
87,False,"{'a': 0.9, 'e': 1}",20,14,-11.962158077848368,"{0: 4, 1: 0, 2: 2, 3: 0, 4: 0}",1
88,False,"{'a': 0.9, 'e': 1}",25,14,-33.20640524482482,"{0: 7, 1: 1, 2: 2, 3: 1, 4: 0}",1
89,False,"{'a': 0.9, 'e': 1}",20,0,-80.44974734355455,"{0: 14, 1: 0, 2: 5, 3: 0, 4: 1}",0
90,False,"{'a': 0.9, 'e': 1}",20,3,-27.88873988741768,"{0: 11, 1: 3, 2: 3, 3: 0, 4: 0}",1
91,False,"{'a': 0.9, 'e': 1}",25,0,-101.91016500902172,"{0: 16, 1: 2, 2: 5, 3: 1, 4: 1}",0
92,False,"{'a': 0.9, 'e': 1}",25,0,-168.56273144149054,"{0: 12, 1: 1, 2: 9, 3: 2, 4: 1}",0
93,False,"{'a': 0.9, 'e': 1}",20,0,-159.3424562055809,"{0: 13, 1: 0, 2: 3, 3: 1, 4: 3}",0
94,False,"{'a': 0.9, 'e': 1}",25,13,-4.029779644837446,"{0: 11, 1: 0, 2: 0, 3: 1, 4: 0}",1
95,False,"{'a': 0.9, 'e': 1}",25,0,-136.1001265781703,"{0: 15, 1: 2, 2: 6, 3: 0, 4: 2}",0
96,False,"{'a': 0.9, 'e': 1}",20,2,-26.860610240390116,"{0: 13, 1: 2, 2: 3, 3: 0, 4: 0}",1
97,False,"{'a': 0.9, 'e': 1}",20,0,-38.811560085790454,"{0: 13, 1: 2, 2: 5, 3: 0, 4: 0}",0
98,False,"{'a': 0.9, 'e': 1}",25,0,-183.20071125995466,"{0: 14, 1: 1, 2: 7, 3: 0, 4: 3}",0
99,False,"{'a': 0.9, 'e': 1}",20,0,-125.54769186985234,"{0: 12, 1: 1, 2: 5, 3: 0, 4: 2}",0
100,False,"{'a': 0.9, 'e': 1}",35,0,-224.33434084059886,"{0: 19, 1: 4, 2: 7, 3: 2, 4: 3}",0
101,False,"{'a': 0.9, 'e': 1}",25,0,-199.14592528909287,"{0: 12, 1: 3, 2: 6, 3: 1, 4: 3}",0
102,False,"{'a': 0.9, 'e': 1}",30,0,-184.5307440200481,"{0: 15, 1: 4, 2: 8, 3: 1, 4: 2}",0
103,False,"{'a': 0.9, 'e': 1}",25,0,-166.13748243330076,"{0: 12, 1: 4, 2: 6, 3: 1, 4: 2}",0
104,False,"{'a': 0.9, 'e': 1}",25,3,-134.999047054346,"{0: 12, 1: 1, 2: 5, 3: 3, 4: 1}",1
105,False,"{'a': 0.9, 'e': 1}",20,0,-73.48609918475836,"{0: 14, 1: 0, 2: 5, 3: 0, 4: 1}",0
106,False,"{'a': 0.9, 'e': 1}",25,0,-223.34680047715256,"{0: 11, 1: 3, 2: 6, 3: 2, 4: 3}",0
107,False,"{'a': 0.9, 'e': 1}",35,0,-147.43205791882573,"{0: 24, 1: 3, 2: 4, 3: 2, 4: 2}",0
108,False,"{'a': 0.9, 'e': 1}",25,0,-102.50279856938103,"{0: 16, 1: 2, 2: 5, 3: 1, 4: 1}",0
109,False,"{'a': 0.9, 'e': 1}",20,0,-164.73274446062487,"{0: 10, 1: 3, 2: 4, 3: 0, 4: 3}",0
110,False,"{'a': 0.9, 'e': 1}",25,0,-159.66210459758207,"{0: 14, 1: 1, 2: 7, 3: 1, 4: 2}",0
111,False,"{'a': 0.9, 'e': 1}",25,9,-75.95497940110587,"{0: 11, 1: 1, 2: 1, 3: 2, 4: 1}",1
112,False,"{'a': 0.9, 'e': 1}",35,0,-180.7539147288357,"{0: 19, 1: 1, 2: 12, 3: 2, 4: 1}",0
113,False,"{'a': 0.9, 'e': 1}",20,0,-55.45300447011739,"{0: 14, 1: 1, 2: 3, 3: 2, 4: 0}",0
114,False,"{'a': 0.9, 'e': 1}",25,0,-75.6448119167503,"{0: 17, 1: 4, 2: 3, 3: 0, 4: 1}",0
115,False,"{'a': 0.9, 'e': 1}",20,0,-134.4394503148002,"{0: 10, 1: 2, 2: 6, 3: 0, 4: 2}",0
116,False,"{'a': 0.9, 'e': 1}",30,0,-120.87315385707548,"{0: 17, 1: 7, 2: 4, 3: 1, 4: 1}",0
117,False,"{'a': 0.9, 'e': 1}",25,0,-96.80842477119906,"{0: 15, 1: 6, 2: 2, 3: 1, 4: 1}",0
118,False,"{'a': 0.9, 'e': 1}",20,0,-183.46383156938268,"{0: 10, 1: 4, 2: 2, 3: 0, 4: 4}",0
119,False,"{'a': 0.9, 'e': 1}",20,0,-126.05604446482594,"{0: 10, 1: 2, 2: 6, 3: 1, 4: 1}",0
120,False,"{'a': 0.9, 'e': 1}",20,0,-141.1812641633527,"{0: 14, 1: 0, 2: 2, 3: 1, 4: 3}",0
121,False,"{'a': 0.9, 'e': 1}",30,0,-202.38161222152658,"{0: 15, 1: 3, 2: 7, 3: 3, 4: 2}",0
122,False,"{'a': 0.9, 'e': 1}",30,0,-120.15829530308204,"{0: 18, 1: 3, 2: 8, 3: 0, 4: 1}",0
123,False,"{'a': 0.9, 'e': 1}",20,15,6.488979594624755,"{0: 5, 1: 0, 2: 0, 3: 0, 4: 0}",1
124,False,"{'a': 0.9, 'e': 1}",25,0,-271.2163185991216,"{0: 12, 1: 1, 2: 6, 3: 1, 4: 5}",0
125,False,"{'a': 0.9, 'e': 1}",20,0,-171.9053963733167,"{0: 10, 1: 2, 2: 5, 3: 0, 4: 3}",0
126,False,"{'a': 0.9, 'e': 1}",20,0,-54.4264415699551,"{0: 15, 1: 2, 2: 2, 3: 0, 4: 1}",0
127,False,"{'a': 0.9, 'e': 1}",25,0,-221.35210192804905,"{0: 9, 1: 2, 2: 10, 3: 2, 4: 2}",0
128,False,"{'a': 0.9, 'e': 1}",25,0,-129.11255895244815,"{0: 16, 1: 1, 2: 6, 3: 0, 4: 2}",0
129,False,"{'a': 0.9, 'e': 1}",20,0,-87.22947331102424,"{0: 12, 1: 2, 2: 5, 3: 0, 4: 1}",0
130,False,"{'a': 0.9, 'e': 1}",20,0,-103.74810253487377,"{0: 14, 1: 1, 2: 2, 3: 1, 4: 2}",0
131,False,"{'a': 0.9, 'e': 1}",20,0,-72.97864120855007,"{0: 14, 1: 1, 2: 4, 3: 0, 4: 1}",0
132,False,"{'a': 0.9, 'e': 1}",25,0,-56.85392199106565,"{0: 16, 1: 3, 2: 6, 3: 0, 4: 0}",0
133,False,"{'a': 0.9, 'e': 1}",20,0,-33.305385931713325,"{0: 16, 1: 0, 2: 4, 3: 0, 4: 0}",0
134,False,"{'a': 0.9, 'e': 1}",20,6,-111.36571098776577,"{0: 10, 1: 0, 2: 1, 3: 0, 4: 3}",1
135,False,"{'a': 0.9, 'e': 1}",20,0,-104.58335183896695,"{0: 14, 1: 2, 2: 1, 3: 1, 4: 2}",0
136,False,"{'a': 0.9, 'e': 1}",20,0,-106.32843191420852,"{0: 13, 1: 2, 2: 3, 3: 0, 4: 2}",0
137,False,"{'a': 0.9, 'e': 1}",35,0,-141.35459975773142,"{0: 19, 1: 5, 2: 10, 3: 0, 4: 1}",0
138,False,"{'a': 0.9, 'e': 1}",30,0,-128.89418330086414,"{0: 23, 1: 1, 2: 3, 3: 0, 4: 3}",0
139,False,"{'a': 0.9, 'e': 1}",25,0,-146.73765061799685,"{0: 13, 1: 4, 2: 6, 3: 0, 4: 2}",0
140,False,"{'a': 0.9, 'e': 1}",30,0,-115.8796166662735,"{0: 19, 1: 3, 2: 5, 3: 2, 4: 1}",0
141,False,"{'a': 0.9, 'e': 1}",25,0,-216.1716263506132,"{0: 14, 1: 2, 2: 4, 3: 1, 4: 4}",0
142,False,"{'a': 0.9, 'e': 1}",20,0,-158.86854459475074,"{0: 10, 1: 2, 2: 4, 3: 2, 4: 2}",0
143,False,"{'a': 0.9, 'e': 1}",30,0,-74.64230588389495,"{0: 19, 1: 4, 2: 7, 3: 0, 4: 0}",0
144,False,"{'a': 0.9, 'e': 1}",20,0,-45.02376741799161,"{0: 11, 1: 6, 2: 3, 3: 0, 4: 0}",0
145,False,"{'a': 0.9, 'e': 1}",20,0,-79.41614437661949,"{0: 13, 1: 3, 2: 2, 3: 1, 4: 1}",0
146,False,"{'a': 0.9, 'e': 1}",25,0,-220.03535007474872,"{0: 14, 1: 2, 2: 4, 3: 1, 4: 4}",0
147,False,"{'a': 0.9, 'e': 1}",25,0,-102.89971147657565,"{0: 15, 1: 0, 2: 9, 3: 0, 4: 1}",0
148,False,"{'a': 0.9, 'e': 1}",30,0,-149.86826164349168,"{0: 16, 1: 2, 2: 10, 3: 1, 4: 1}",0
149,False,"{'a': 0.9, 'e': 1}",20,0,-77.57761963916492,"{0: 10, 1: 4, 2: 5, 3: 1, 4: 0}",0
150,False,"{'a': 0.9, 'e': 1}",20,14,-10.207999973216268,"{0: 4, 1: 1, 2: 1, 3: 0, 4: 0}",1
151,False,"{'a': 0.9, 'e': 1}",20,0,-153.3030730995824,"{0: 12, 1: 3, 2: 1, 3: 1, 4: 3}",0
152,False,"{'a': 0.9, 'e': 1}",20,0,8.344369060623741,"{0: 19, 1: 0, 2: 1, 3: 0, 4: 0}",0
153,False,"{'a': 0.9, 'e': 1}",20,0,-149.3782284271222,"{0: 11, 1: 2, 2: 3, 3: 2, 4: 2}",0
154,False,"{'a': 0.9, 'e': 1}",25,0,-110.70774570521898,"{0: 18, 1: 2, 2: 2, 3: 1, 4: 2}",0
155,False,"{'a': 0.9, 'e': 1}",25,0,-101.66788936866688,"{0: 16, 1: 2, 2: 5, 3: 1, 4: 1}",0
156,False,"{'a': 0.9, 'e': 1}",25,0,-36.092775481443816,"{0: 19, 1: 3, 2: 2, 3: 1, 4: 0}",0
157,False,"{'a': 0.9, 'e': 1}",25,0,-77.29008593449358,"{0: 21, 1: 1, 2: 0, 3: 1, 4: 2}",0
158,False,"{'a': 0.9, 'e': 1}",25,0,-142.7957413399174,"{0: 16, 1: 0, 2: 6, 3: 1, 4: 2}",0
159,False,"{'a': 0.9, 'e': 1}",25,0,-385.0490906541218,"{0: 12, 1: 0, 2: 4, 3: 0, 4: 9}",0
160,False,"{'a': 0.9, 'e': 1}",25,0,-185.65368038841308,"{0: 15, 1: 3, 2: 3, 3: 0, 4: 4}",0
161,False,"{'a': 0.9, 'e': 1}",25,0,-101.22896094680269,"{0: 18, 1: 2, 2: 3, 3: 0, 4: 2}",0
162,False,"{'a': 0.9, 'e': 1}",30,0,-266.4593985825711,"{0: 11, 1: 4, 2: 10, 3: 2, 4: 3}",0
163,False,"{'a': 0.9, 'e': 1}",25,0,-115.79356585154187,"{0: 16, 1: 2, 2: 4, 3: 2, 4: 1}",0
164,False,"{'a': 0.9, 'e': 1}",20,0,-149.39540778309598,"{0: 11, 1: 2, 2: 3, 3: 2, 4: 2}",0
165,False,"{'a': 0.9, 'e': 1}",20,0,-23.520010749015373,"{0: 15, 1: 2, 2: 3, 3: 0, 4: 0}",0
166,False,"{'a': 0.9, 'e': 1}",25,14,-18.316349834607045,"{0: 7, 1: 2, 2: 2, 3: 0, 4: 0}",1
167,False,"{'a': 0.9, 'e': 1}",20,0,-128.36443882721977,"{0: 11, 1: 3, 2: 1, 3: 4, 4: 1}",0
168,False,"{'a': 0.9, 'e': 1}",20,0,-33.31846313884605,"{0: 15, 1: 1, 2: 3, 3: 1, 4: 0}",0
169,False,"{'a': 0.9, 'e': 1}",20,4,-72.11528834428881,"{0: 9, 1: 2, 2: 4, 3: 0, 4: 1}",1
170,False,"{'a': 0.9, 'e': 1}",25,0,-83.01066565244876,"{0: 16, 1: 2, 2: 5, 3: 2, 4: 0}",0
171,False,"{'a': 0.9, 'e': 1}",20,0,-66.80646516084359,"{0: 16, 1: 1, 2: 0, 3: 2, 4: 1}",0
172,False,"{'a': 0.9, 'e': 1}",20,0,-31.023757051364946,"{0: 15, 1: 1, 2: 4, 3: 0, 4: 0}",0
173,False,"{'a': 0.9, 'e': 1}",25,0,-73.08335549922984,"{0: 17, 1: 0, 2: 7, 3: 1, 4: 0}",0
174,False,"{'a': 0.9, 'e': 1}",30,10,-64.8488983796685,"{0: 13, 1: 1, 2: 4, 3: 2, 4: 0}",1
175,False,"{'a': 0.9, 'e': 1}",25,0,-232.4206173960291,"{0: 11, 1: 5, 2: 4, 3: 1, 4: 4}",0
176,False,"{'a': 0.9, 'e': 1}",25,0,-115.65675131820561,"{0: 17, 1: 1, 2: 5, 3: 0, 4: 2}",0
177,False,"{'a': 0.9, 'e': 1}",30,0,-166.5690138368355,"{0: 16, 1: 4, 2: 5, 3: 4, 4: 1}",0
178,False,"{'a': 0.9, 'e': 1}",30,0,-233.14472900427432,"{0: 14, 1: 2, 2: 10, 3: 1, 4: 3}",0
179,False,"{'a': 0.9, 'e': 1}",20,0,-63.08895632678738,"{0: 14, 1: 2, 2: 3, 3: 0, 4: 1}",0
180,False,"{'a': 0.9, 'e': 1}",25,0,-134.5214880799118,"{0: 14, 1: 3, 2: 4, 3: 3, 4: 1}",0
181,False,"{'a': 0.9, 'e': 1}",20,0,-103.47496446621557,"{0: 11, 1: 1, 2: 5, 3: 3, 4: 0}",0
182,False,"{'a': 0.9, 'e': 1}",30,0,-65.97610988350378,"{0: 21, 1: 2, 2: 6, 3: 1, 4: 0}",0
183,False,"{'a': 0.9, 'e': 1}",20,0,-101.31401706385154,"{0: 15, 1: 1, 2: 1, 3: 1, 4: 2}",0
184,False,"{'a': 0.9, 'e': 1}",25,0,-190.2214932548992,"{0: 12, 1: 1, 2: 8, 3: 2, 4: 2}",0
185,False,"{'a': 0.9, 'e': 1}",20,0,-96.14502906225476,"{0: 11, 1: 3, 2: 5, 3: 0, 4: 1}",0
186,False,"{'a': 0.9, 'e': 1}",20,0,-15.17793030513375,"{0: 15, 1: 3, 2: 2, 3: 0, 4: 0}",0
187,False,"{'a': 0.9, 'e': 1}",35,0,-175.90705886237154,"{0: 19, 1: 7, 2: 6, 3: 1, 4: 2}",0
188,False,"{'a': 0.9, 'e': 1}",30,0,-144.01111927885484,"{0: 19, 1: 2, 2: 4, 3: 4, 4: 1}",0
189,False,"{'a': 0.9, 'e': 1}",30,7,-135.16097035923988,"{0: 11, 1: 4, 2: 5, 3: 2, 4: 1}",1
190,False,"{'a': 0.9, 'e': 1}",25,0,-250.90772815627935,"{0: 9, 1: 5, 2: 6, 3: 1, 4: 4}",0
191,False,"{'a': 0.9, 'e': 1}",20,0,-90.4121592835242,"{0: 13, 1: 2, 2: 2, 3: 2, 4: 1}",0
192,False,"{'a': 0.9, 'e': 1}",20,0,-62.14504638660726,"{0: 13, 1: 4, 2: 2, 3: 0, 4: 1}",0
193,False,"{'a': 0.9, 'e': 1}",25,0,-42.77890861574095,"{0: 18, 1: 1, 2: 6, 3: 0, 4: 0}",0
194,False,"{'a': 0.9, 'e': 1}",25,0,-230.4534956334022,"{0: 9, 1: 5, 2: 6, 3: 2, 4: 3}",0
195,False,"{'a': 0.9, 'e': 1}",20,0,-196.32054073703034,"{0: 10, 1: 3, 2: 3, 3: 0, 4: 4}",0
196,False,"{'a': 0.9, 'e': 1}",25,4,-122.29398217841288,"{0: 11, 1: 5, 2: 3, 3: 0, 4: 2}",1
197,False,"{'a': 0.9, 'e': 1}",20,0,-137.7107429171037,"{0: 11, 1: 2, 2: 4, 3: 1, 4: 2}",0
198,False,"{'a': 0.9, 'e': 1}",20,12,-94.720623713257,"{0: 4, 1: 0, 2: 2, 3: 0, 4: 2}",1
199,False,"{'a': 0.9, 'e': 1}",20,0,-193.48242813912222,"{0: 6, 1: 6, 2: 3, 3: 3, 4: 2}",0
200,False,"{'a': 0.9, 'e': 1}",20,0,-30.80755707934474,"{0: 17, 1: 1, 2: 1, 3: 0, 4: 1}",0
201,False,"{'a': 0.9, 'e': 1}",20,0,-172.75154834240973,"{0: 8, 1: 1, 2: 8, 3: 1, 4: 2}",0
202,False,"{'a': 0.9, 'e': 1}",30,0,-183.31185922079834,"{0: 18, 1: 3, 2: 4, 3: 2, 4: 3}",0
203,False,"{'a': 0.9, 'e': 1}",25,0,-168.66587999236856,"{0: 14, 1: 3, 2: 3, 3: 3, 4: 2}",0
204,False,"{'a': 0.9, 'e': 1}",25,0,-100.53546450759178,"{0: 19, 1: 1, 2: 2, 3: 1, 4: 2}",0
205,False,"{'a': 0.9, 'e': 1}",25,0,-129.67030478123448,"{0: 14, 1: 3, 2: 5, 3: 2, 4: 1}",0
206,False,"{'a': 0.9, 'e': 1}",30,0,-77.06444193085764,"{0: 22, 1: 2, 2: 5, 3: 0, 4: 1}",0
207,False,"{'a': 0.9, 'e': 1}",30,0,-65.19101067168754,"{0: 21, 1: 3, 2: 4, 3: 2, 4: 0}",0
208,False,"{'a': 0.9, 'e': 1}",30,0,-151.25642431681237,"{0: 18, 1: 1, 2: 9, 3: 0, 4: 2}",0
209,False,"{'a': 0.9, 'e': 1}",25,0,-140.38619592641095,"{0: 15, 1: 0, 2: 8, 3: 0, 4: 2}",0
210,False,"{'a': 0.9, 'e': 1}",25,0,-138.6554851280775,"{0: 15, 1: 2, 2: 6, 3: 0, 4: 2}",0
211,False,"{'a': 0.9, 'e': 1}",30,0,-201.02086639733054,"{0: 16, 1: 4, 2: 6, 3: 1, 4: 3}",0
212,False,"{'a': 0.9, 'e': 1}",30,0,-122.90250075602756,"{0: 21, 1: 2, 2: 4, 3: 1, 4: 2}",0
213,False,"{'a': 0.9, 'e': 1}",20,0,-171.31089073188716,"{0: 11, 1: 1, 2: 4, 3: 1, 4: 3}",0
214,False,"{'a': 0.9, 'e': 1}",30,0,-181.23520404592486,"{0: 19, 1: 3, 2: 3, 3: 2, 4: 3}",0
215,False,"{'a': 0.9, 'e': 1}",20,0,-98.95459777305953,"{0: 12, 1: 2, 2: 4, 3: 1, 4: 1}",0
216,False,"{'a': 0.9, 'e': 1}",25,0,-79.0525492967964,"{0: 16, 1: 0, 2: 8, 3: 1, 4: 0}",0
217,False,"{'a': 0.9, 'e': 1}",30,0,-56.73879935799586,"{0: 23, 1: 3, 2: 3, 3: 0, 4: 1}",0
218,False,"{'a': 0.9, 'e': 1}",25,0,-139.48627693117209,"{0: 16, 1: 1, 2: 5, 3: 1, 4: 2}",0
219,False,"{'a': 0.9, 'e': 1}",25,0,-41.881921850711734,"{0: 17, 1: 4, 2: 4, 3: 0, 4: 0}",0
220,False,"{'a': 0.9, 'e': 1}",20,0,-36.37536470539339,"{0: 15, 1: 1, 2: 4, 3: 0, 4: 0}",0
221,False,"{'a': 0.9, 'e': 1}",20,0,-147.99643186438323,"{0: 12, 1: 3, 2: 2, 3: 0, 4: 3}",0
222,False,"{'a': 0.9, 'e': 1}",20,0,-140.80749047778625,"{0: 12, 1: 2, 2: 2, 3: 2, 4: 2}",0
223,False,"{'a': 0.9, 'e': 1}",30,0,-77.46119020992784,"{0: 21, 1: 1, 2: 6, 3: 2, 4: 0}",0
224,False,"{'a': 0.9, 'e': 1}",20,0,-80.84274077421138,"{0: 14, 1: 1, 2: 3, 3: 1, 4: 1}",0
225,False,"{'a': 0.9, 'e': 1}",25,0,-93.3593625463244,"{0: 15, 1: 4, 2: 5, 3: 0, 4: 1}",0
226,False,"{'a': 0.9, 'e': 1}",20,0,-152.3007360447238,"{0: 12, 1: 1, 2: 3, 3: 1, 4: 3}",0
227,False,"{'a': 0.9, 'e': 1}",20,0,-48.28736955619272,"{0: 14, 1: 2, 2: 3, 3: 1, 4: 0}",0
228,False,"{'a': 0.9, 'e': 1}",20,0,-50.758229622382636,"{0: 13, 1: 1, 2: 6, 3: 0, 4: 0}",0
229,False,"{'a': 0.9, 'e': 1}",25,0,-135.8473664169567,"{0: 16, 1: 3, 2: 3, 3: 1, 4: 2}",0
230,False,"{'a': 0.9, 'e': 1}",20,0,-85.72623363099761,"{0: 11, 1: 1, 2: 6, 3: 2, 4: 0}",0
231,False,"{'a': 0.9, 'e': 1}",20,8,-77.92601865508863,"{0: 5, 1: 2, 2: 4, 3: 0, 4: 1}",1
232,False,"{'a': 0.9, 'e': 1}",25,0,-94.58637740531321,"{0: 19, 1: 2, 2: 1, 3: 1, 4: 2}",0
233,False,"{'a': 0.9, 'e': 1}",20,0,-86.87517609983777,"{0: 14, 1: 3, 2: 1, 3: 0, 4: 2}",0
234,False,"{'a': 0.9, 'e': 1}",20,0,-61.8458070738435,"{0: 13, 1: 1, 2: 5, 3: 1, 4: 0}",0
235,False,"{'a': 0.9, 'e': 1}",20,2,-116.7540294839725,"{0: 10, 1: 2, 2: 4, 3: 0, 4: 2}",1
236,False,"{'a': 0.9, 'e': 1}",30,0,-307.9783204938218,"{0: 14, 1: 1, 2: 9, 3: 1, 4: 5}",0
237,False,"{'a': 0.9, 'e': 1}",30,0,-175.79762083848365,"{0: 16, 1: 5, 2: 5, 3: 2, 4: 2}",0
238,False,"{'a': 0.9, 'e': 1}",25,0,-97.99965874624606,"{0: 13, 1: 4, 2: 7, 3: 1, 4: 0}",0
239,False,"{'a': 0.9, 'e': 1}",30,0,-158.3207563798514,"{0: 19, 1: 5, 2: 3, 3: 0, 4: 3}",0
240,False,"{'a': 0.9, 'e': 1}",30,0,-241.09914835090876,"{0: 14, 1: 5, 2: 5, 3: 3, 4: 3}",0
241,False,"{'a': 0.9, 'e': 1}",20,0,-64.27632191250666,"{0: 14, 1: 2, 2: 3, 3: 0, 4: 1}",0
242,False,"{'a': 0.9, 'e': 1}",20,0,-94.28239502821593,"{0: 11, 1: 3, 2: 3, 3: 3, 4: 0}",0
243,False,"{'a': 0.9, 'e': 1}",20,0,-124.37715704246584,"{0: 13, 1: 1, 2: 3, 3: 1, 4: 2}",0
244,False,"{'a': 0.9, 'e': 1}",20,0,-89.9472146667602,"{0: 13, 1: 1, 2: 4, 3: 1, 4: 1}",0
245,False,"{'a': 0.9, 'e': 1}",30,0,-114.59533965941664,"{0: 20, 1: 2, 2: 6, 3: 1, 4: 1}",0
246,False,"{'a': 0.9, 'e': 1}",30,15,-8.239347904639152,"{0: 12, 1: 1, 2: 2, 3: 0, 4: 0}",1
247,False,"{'a': 0.9, 'e': 1}",30,0,-185.93092021340436,"{0: 15, 1: 5, 2: 7, 3: 1, 4: 2}",0
248,False,"{'a': 0.9, 'e': 1}",20,0,-74.47095296163822,"{0: 12, 1: 3, 2: 4, 3: 0, 4: 1}",0
249,False,"{'a': 0.9, 'e': 1}",30,18,-15.42227791878431,"{0: 8, 1: 2, 2: 2, 3: 0, 4: 0}",1
250,False,"{'a': 0.9, 'e': 1}",20,0,-226.38966140423875,"{0: 8, 1: 2, 2: 5, 3: 1, 4: 4}",0
251,False,"{'a': 0.9, 'e': 1}",20,0,-58.77741852216216,"{0: 10, 1: 6, 2: 4, 3: 0, 4: 0}",0
252,False,"{'a': 0.9, 'e': 1}",20,0,-95.98147231161045,"{0: 10, 1: 0, 2: 9, 3: 1, 4: 0}",0
253,False,"{'a': 0.9, 'e': 1}",30,6,-71.15201842785082,"{0: 14, 1: 4, 2: 5, 3: 1, 4: 0}",1
254,False,"{'a': 0.9, 'e': 1}",30,0,-107.13589638696142,"{0: 20, 1: 1, 2: 7, 3: 1, 4: 1}",0
255,False,"{'a': 0.9, 'e': 1}",20,0,-130.97032575340359,"{0: 13, 1: 3, 2: 1, 3: 0, 4: 3}",0
256,False,"{'a': 0.9, 'e': 1}",20,0,-89.83766262070695,"{0: 14, 1: 3, 2: 1, 3: 0, 4: 2}",0
257,False,"{'a': 0.9, 'e': 1}",20,12,-38.66503946269105,"{0: 6, 1: 0, 2: 1, 3: 0, 4: 1}",1
258,False,"{'a': 0.9, 'e': 1}",20,0,-51.58118725898916,"{0: 16, 1: 1, 2: 2, 3: 0, 4: 1}",0
259,False,"{'a': 0.9, 'e': 1}",25,0,-151.52973208791533,"{0: 14, 1: 2, 2: 6, 3: 1, 4: 2}",0
260,False,"{'a': 0.9, 'e': 1}",20,2,-63.50892646161632,"{0: 12, 1: 2, 2: 1, 3: 3, 4: 0}",1
261,False,"{'a': 0.9, 'e': 1}",25,0,-109.57869373813475,"{0: 15, 1: 2, 2: 6, 3: 1, 4: 1}",0
262,False,"{'a': 0.9, 'e': 1}",20,0,-156.55996460874013,"{0: 11, 1: 2, 2: 4, 3: 0, 4: 3}",0
263,False,"{'a': 0.9, 'e': 1}",30,2,-124.66947103775584,"{0: 17, 1: 5, 2: 4, 3: 0, 4: 2}",1
264,False,"{'a': 0.9, 'e': 1}",20,3,-110.33638590442392,"{0: 7, 1: 4, 2: 4, 3: 1, 4: 1}",1
265,False,"{'a': 0.9, 'e': 1}",25,0,-150.79005442239898,"{0: 18, 1: 0, 2: 4, 3: 0, 4: 3}",0
266,False,"{'a': 0.9, 'e': 1}",25,0,-86.82555262108518,"{0: 14, 1: 3, 2: 7, 3: 1, 4: 0}",0
267,False,"{'a': 0.9, 'e': 1}",20,0,-38.54388558732836,"{0: 16, 1: 2, 2: 1, 3: 0, 4: 1}",0
268,False,"{'a': 0.9, 'e': 1}",20,0,-78.40848674555949,"{0: 14, 1: 1, 2: 3, 3: 1, 4: 1}",0
269,False,"{'a': 0.9, 'e': 1}",20,0,-134.84177675139833,"{0: 8, 1: 3, 2: 7, 3: 1, 4: 1}",0
270,False,"{'a': 0.9, 'e': 1}",20,6,-16.169866936120087,"{0: 10, 1: 3, 2: 0, 3: 1, 4: 0}",1
271,False,"{'a': 0.9, 'e': 1}",20,0,-14.394977128615151,"{0: 16, 1: 0, 2: 4, 3: 0, 4: 0}",0
272,False,"{'a': 0.9, 'e': 1}",30,0,-112.6952599038182,"{0: 18, 1: 4, 2: 5, 3: 3, 4: 0}",0
273,False,"{'a': 0.9, 'e': 1}",20,0,-33.65074440605644,"{0: 15, 1: 0, 2: 5, 3: 0, 4: 0}",0
274,False,"{'a': 0.9, 'e': 1}",30,0,-98.44616462741106,"{0: 16, 1: 6, 2: 7, 3: 1, 4: 0}",0
275,False,"{'a': 0.9, 'e': 1}",25,0,-300.29047640076413,"{0: 11, 1: 2, 2: 4, 3: 3, 4: 5}",0
276,False,"{'a': 0.9, 'e': 1}",25,0,-158.40163990599027,"{0: 16, 1: 1, 2: 5, 3: 0, 4: 3}",0
277,False,"{'a': 0.9, 'e': 1}",20,0,-79.15151883031876,"{0: 14, 1: 1, 2: 3, 3: 1, 4: 1}",0
278,False,"{'a': 0.9, 'e': 1}",20,0,-64.81386664835759,"{0: 14, 1: 2, 2: 3, 3: 0, 4: 1}",0
279,False,"{'a': 0.9, 'e': 1}",30,0,-77.20020255002075,"{0: 21, 1: 4, 2: 4, 3: 0, 4: 1}",0
280,False,"{'a': 0.9, 'e': 1}",20,0,-80.70081741893097,"{0: 15, 1: 3, 2: 0, 3: 0, 4: 2}",0
281,False,"{'a': 0.9, 'e': 1}",20,0,-135.60536796814662,"{0: 13, 1: 2, 2: 2, 3: 0, 4: 3}",0
282,False,"{'a': 0.9, 'e': 1}",35,0,-268.3736877321605,"{0: 19, 1: 5, 2: 3, 3: 4, 4: 4}",0
283,False,"{'a': 0.9, 'e': 1}",20,14,-16.295696478437854,"{0: 4, 1: 0, 2: 2, 3: 0, 4: 0}",1
284,False,"{'a': 0.9, 'e': 1}",25,2,-106.55152874263733,"{0: 16, 1: 0, 2: 5, 3: 0, 4: 2}",1
285,False,"{'a': 0.9, 'e': 1}",30,0,-132.456369757087,"{0: 20, 1: 2, 2: 6, 3: 0, 4: 2}",0
286,False,"{'a': 0.9, 'e': 1}",20,0,-158.98431910560166,"{0: 9, 1: 1, 2: 8, 3: 0, 4: 2}",0
287,False,"{'a': 0.9, 'e': 1}",20,0,-159.66256782175785,"{0: 12, 1: 0, 2: 5, 3: 0, 4: 3}",0
288,False,"{'a': 0.9, 'e': 1}",25,0,-37.79668364827438,"{0: 18, 1: 2, 2: 5, 3: 0, 4: 0}",0
289,False,"{'a': 0.9, 'e': 1}",25,12,-49.92411627503254,"{0: 7, 1: 2, 2: 3, 3: 1, 4: 0}",1
290,False,"{'a': 0.9, 'e': 1}",20,0,-103.34456270806935,"{0: 13, 1: 2, 2: 3, 3: 0, 4: 2}",0
291,False,"{'a': 0.9, 'e': 1}",30,0,-120.13352232989256,"{0: 17, 1: 4, 2: 8, 3: 0, 4: 1}",0
292,False,"{'a': 0.9, 'e': 1}",30,0,-149.30873238617286,"{0: 20, 1: 0, 2: 7, 3: 1, 4: 2}",0
293,False,"{'a': 0.9, 'e': 1}",25,0,-139.12487570868504,"{0: 15, 1: 1, 2: 7, 3: 0, 4: 2}",0
294,False,"{'a': 0.9, 'e': 1}",20,0,-135.89154299770692,"{0: 10, 1: 0, 2: 7, 3: 2, 4: 1}",0
295,False,"{'a': 0.9, 'e': 1}",30,0,-94.13464455976965,"{0: 18, 1: 3, 2: 8, 3: 1, 4: 0}",0
296,False,"{'a': 0.9, 'e': 1}",30,0,-203.60948479322627,"{0: 19, 1: 3, 2: 3, 3: 1, 4: 4}",0
297,False,"{'a': 0.9, 'e': 1}",25,0,-100.13853928294014,"{0: 14, 1: 5, 2: 5, 3: 0, 4: 1}",0
298,False,"{'a': 0.9, 'e': 1}",25,0,-145.01912226609517,"{0: 14, 1: 2, 2: 7, 3: 0, 4: 2}",0
299,False,"{'a': 0.9, 'e': 1}",20,0,-71.80696844330737,"{0: 12, 1: 3, 2: 3, 3: 2, 4: 0}",0
300,False,"{'a': 0.9, 'e': 1.0000000000000006e-10}",25,6,29.69187922107633,"{0: 19, 1: 0, 2: 0, 3: 0, 4: 0}",1
301,False,"{'a': 0.9, 'e': 1.0000000000000006e-10}",25,11,20.158373596396018,"{0: 14, 1: 0, 2: 0, 3: 0, 4: 0}",1
302,False,"{'a': 0.9, 'e': 1.0000000000000006e-10}",20,5,26.914541421927424,"{0: 15, 1: 0, 2: 0, 3: 0, 4: 0}",1
303,False,"{'a': 0.9, 'e': 1.0000000000000006e-10}",25,13,22.332379056651675,"{0: 12, 1: 0, 2: 0, 3: 0, 4: 0}",1
304,False,"{'a': 0.9, 'e': 1.0000000000000006e-10}",30,16,22.619124404754213,"{0: 14, 1: 0, 2: 0, 3: 0, 4: 0}",1
305,False,"{'a': 0.9, 'e': 1.0000000000000006e-10}",30,19,20.81762257278632,"{0: 11, 1: 0, 2: 0, 3: 0, 4: 0}",1
306,False,"{'a': 0.9, 'e': 1.0000000000000006e-10}",20,0,30.14883610589554,"{0: 20, 1: 0, 2: 0, 3: 0, 4: 0}",0
307,False,"{'a': 0.9, 'e': 1.0000000000000006e-10}",30,21,20.12990753717897,"{0: 9, 1: 0, 2: 0, 3: 0, 4: 0}",1
308,False,"{'a': 0.9, 'e': 1.0000000000000006e-10}",30,20,18.66949137847551,"{0: 10, 1: 0, 2: 0, 3: 0, 4: 0}",1
309,False,"{'a': 0.9, 'e': 1.0000000000000006e-10}",35,13,36.93167241521002,"{0: 22, 1: 0, 2: 0, 3: 0, 4: 0}",1
310,False,"{'a': 0.9, 'e': 1.0000000000000006e-10}",20,0,32.10896163131181,"{0: 20, 1: 0, 2: 0, 3: 0, 4: 0}",0
311,False,"{'a': 0.9, 'e': 1.0000000000000006e-10}",20,0,29.367392405201038,"{0: 20, 1: 0, 2: 0, 3: 0, 4: 0}",0
312,False,"{'a': 0.9, 'e': 1.0000000000000006e-10}",25,16,18.723365910525814,"{0: 9, 1: 0, 2: 0, 3: 0, 4: 0}",1
313,False,"{'a': 0.9, 'e': 1.0000000000000006e-10}",20,8,21.503000439471368,"{0: 12, 1: 0, 2: 0, 3: 0, 4: 0}",1
314,False,"{'a': 0.9, 'e': 1.0000000000000006e-10}",30,18,25.121550183829196,"{0: 12, 1: 0, 2: 0, 3: 0, 4: 0}",1
315,False,"{'a': 0.9, 'e': 1.0000000000000006e-10}",25,11,23.217940524396376,"{0: 14, 1: 0, 2: 0, 3: 0, 4: 0}",1
316,False,"{'a': 0.9, 'e': 1.0000000000000006e-10}",30,9,41.22903617243372,"{0: 21, 1: 0, 2: 0, 3: 0, 4: 0}",1
317,False,"{'a': 0.9, 'e': 1.0000000000000006e-10}",20,11,17.466025749140254,"{0: 9, 1: 0, 2: 0, 3: 0, 4: 0}",1
318,False,"{'a': 0.9, 'e': 1.0000000000000006e-10}",20,9,22.77008332902657,"{0: 11, 1: 0, 2: 0, 3: 0, 4: 0}",1
319,False,"{'a': 0.9, 'e': 1.0000000000000006e-10}",20,5,24.57663729128093,"{0: 15, 1: 0, 2: 0, 3: 0, 4: 0}",1
320,False,"{'a': 0.9, 'e': 1.0000000000000006e-10}",25,14,23.60302948392248,"{0: 11, 1: 0, 2: 0, 3: 0, 4: 0}",1
321,False,"{'a': 0.9, 'e': 1.0000000000000006e-10}",20,5,27.693793355466465,"{0: 15, 1: 0, 2: 0, 3: 0, 4: 0}",1
322,False,"{'a': 0.9, 'e': 1.0000000000000006e-10}",20,13,13.474612849433038,"{0: 7, 1: 0, 2: 0, 3: 0, 4: 0}",1
323,False,"{'a': 0.9, 'e': 1.0000000000000006e-10}",20,15,8.717675355607286,"{0: 5, 1: 0, 2: 0, 3: 0, 4: 0}",1
324,False,"{'a': 0.9, 'e': 1.0000000000000006e-10}",25,19,9.12325041680813,"{0: 6, 1: 0, 2: 0, 3: 0, 4: 0}",1
325,False,"{'a': 0.9, 'e': 1.0000000000000006e-10}",25,20,11.925257121620653,"{0: 5, 1: 0, 2: 0, 3: 0, 4: 0}",1
326,False,"{'a': 0.9, 'e': 1.0000000000000006e-10}",20,10,15.834362274972708,"{0: 10, 1: 0, 2: 0, 3: 0, 4: 0}",1
327,False,"{'a': 0.9, 'e': 1.0000000000000006e-10}",25,19,8.91553019639403,"{0: 6, 1: 0, 2: 0, 3: 0, 4: 0}",1
328,False,"{'a': 0.9, 'e': 1.0000000000000006e-10}",30,16,24.874976685210996,"{0: 14, 1: 0, 2: 0, 3: 0, 4: 0}",1
329,False,"{'a': 0.9, 'e': 1.0000000000000006e-10}",25,13,21.762219749103284,"{0: 12, 1: 0, 2: 0, 3: 0, 4: 0}",1
330,False,"{'a': 0.9, 'e': 1.0000000000000006e-10}",20,7,22.53100597912789,"{0: 13, 1: 0, 2: 0, 3: 0, 4: 0}",1
331,False,"{'a': 0.9, 'e': 1.0000000000000006e-10}",20,3,26.80896148842712,"{0: 17, 1: 0, 2: 0, 3: 0, 4: 0}",1
332,False,"{'a': 0.9, 'e': 1.0000000000000006e-10}",20,15,10.159172498687079,"{0: 5, 1: 0, 2: 0, 3: 0, 4: 0}",1
333,False,"{'a': 0.9, 'e': 1.0000000000000006e-10}",25,14,19.206276174895258,"{0: 11, 1: 0, 2: 0, 3: 0, 4: 0}",1
334,False,"{'a': 0.9, 'e': 1.0000000000000006e-10}",20,12,13.044925143772282,"{0: 8, 1: 0, 2: 0, 3: 0, 4: 0}",1
335,False,"{'a': 0.9, 'e': 1.0000000000000006e-10}",20,0,-9.22533677520355,"{0: 19, 1: 0, 2: 0, 3: 0, 4: 1}",0
336,False,"{'a': 0.9, 'e': 1.0000000000000006e-10}",20,12,15.974178336599458,"{0: 8, 1: 0, 2: 0, 3: 0, 4: 0}",1
337,False,"{'a': 0.9, 'e': 1.0000000000000006e-10}",20,8,18.34940133650429,"{0: 12, 1: 0, 2: 0, 3: 0, 4: 0}",1
338,False,"{'a': 0.9, 'e': 1.0000000000000006e-10}",30,17,23.788244329348647,"{0: 13, 1: 0, 2: 0, 3: 0, 4: 0}",1
339,False,"{'a': 0.9, 'e': 1.0000000000000006e-10}",25,6,33.71004119042775,"{0: 19, 1: 0, 2: 0, 3: 0, 4: 0}",1
340,False,"{'a': 0.9, 'e': 1.0000000000000006e-10}",20,16,9.243870242057579,"{0: 4, 1: 0, 2: 0, 3: 0, 4: 0}",1
341,False,"{'a': 0.9, 'e': 1.0000000000000006e-10}",20,14,12.01475237641633,"{0: 6, 1: 0, 2: 0, 3: 0, 4: 0}",1
342,False,"{'a': 0.9, 'e': 1.0000000000000006e-10}",25,9,28.697666325885038,"{0: 16, 1: 0, 2: 0, 3: 0, 4: 0}",1
343,False,"{'a': 0.9, 'e': 1.0000000000000006e-10}",20,12,16.58668405555028,"{0: 8, 1: 0, 2: 0, 3: 0, 4: 0}",1
344,False,"{'a': 0.9, 'e': 1.0000000000000006e-10}",20,10,20.74191865411807,"{0: 10, 1: 0, 2: 0, 3: 0, 4: 0}",1
345,False,"{'a': 0.9, 'e': 1.0000000000000006e-10}",20,13,12.532225862083678,"{0: 7, 1: 0, 2: 0, 3: 0, 4: 0}",1
346,False,"{'a': 0.9, 'e': 1.0000000000000006e-10}",25,11,23.54322182002696,"{0: 14, 1: 0, 2: 0, 3: 0, 4: 0}",1
347,False,"{'a': 0.9, 'e': 1.0000000000000006e-10}",35,25,19.65398380686642,"{0: 10, 1: 0, 2: 0, 3: 0, 4: 0}",1
348,False,"{'a': 0.9, 'e': 1.0000000000000006e-10}",30,18,22.915823331387635,"{0: 12, 1: 0, 2: 0, 3: 0, 4: 0}",1
349,False,"{'a': 0.9, 'e': 1.0000000000000006e-10}",20,8,22.459508738253028,"{0: 12, 1: 0, 2: 0, 3: 0, 4: 0}",1
350,False,"{'a': 0.9, 'e': 1.0000000000000006e-10}",20,11,16.074457563890043,"{0: 9, 1: 0, 2: 0, 3: 0, 4: 0}",1
351,False,"{'a': 0.9, 'e': 1.0000000000000006e-10}",30,16,24.498667947607416,"{0: 14, 1: 0, 2: 0, 3: 0, 4: 0}",1
352,False,"{'a': 0.9, 'e': 1.0000000000000006e-10}",35,20,26.44626696413313,"{0: 15, 1: 0, 2: 0, 3: 0, 4: 0}",1
353,False,"{'a': 0.9, 'e': 1.0000000000000006e-10}",25,11,25.30757266650452,"{0: 14, 1: 0, 2: 0, 3: 0, 4: 0}",1
354,False,"{'a': 0.9, 'e': 1.0000000000000006e-10}",25,11,25.048300977108948,"{0: 14, 1: 0, 2: 0, 3: 0, 4: 0}",1
355,False,"{'a': 0.9, 'e': 1.0000000000000006e-10}",20,16,8.113238949858943,"{0: 4, 1: 0, 2: 0, 3: 0, 4: 0}",1
356,False,"{'a': 0.9, 'e': 1.0000000000000006e-10}",20,14,10.928443790531075,"{0: 6, 1: 0, 2: 0, 3: 0, 4: 0}",1
357,False,"{'a': 0.9, 'e': 1.0000000000000006e-10}",25,12,25.56527138310117,"{0: 13, 1: 0, 2: 0, 3: 0, 4: 0}",1
358,False,"{'a': 0.9, 'e': 1.0000000000000006e-10}",20,16,7.9098970349081,"{0: 4, 1: 0, 2: 0, 3: 0, 4: 0}",1
359,False,"{'a': 0.9, 'e': 1.0000000000000006e-10}",20,14,11.187690455667179,"{0: 6, 1: 0, 2: 0, 3: 0, 4: 0}",1
360,False,"{'a': 0.9, 'e': 1.0000000000000006e-10}",20,9,19.257483837708225,"{0: 11, 1: 0, 2: 0, 3: 0, 4: 0}",1
361,False,"{'a': 0.9, 'e': 1.0000000000000006e-10}",25,12,27.513815215335686,"{0: 13, 1: 0, 2: 0, 3: 0, 4: 0}",1
362,False,"{'a': 0.9, 'e': 1.0000000000000006e-10}",30,20,19.639046220161262,"{0: 10, 1: 0, 2: 0, 3: 0, 4: 0}",1
363,False,"{'a': 0.9, 'e': 1.0000000000000006e-10}",25,13,26.57772063050248,"{0: 12, 1: 0, 2: 0, 3: 0, 4: 0}",1
364,False,"{'a': 0.9, 'e': 1.0000000000000006e-10}",20,7,20.318727652836902,"{0: 13, 1: 0, 2: 0, 3: 0, 4: 0}",1
365,False,"{'a': 0.9, 'e': 1.0000000000000006e-10}",20,14,10.494898327396236,"{0: 6, 1: 0, 2: 0, 3: 0, 4: 0}",1
366,False,"{'a': 0.9, 'e': 1.0000000000000006e-10}",30,18,23.702482151881863,"{0: 12, 1: 0, 2: 0, 3: 0, 4: 0}",1
367,False,"{'a': 0.9, 'e': 1.0000000000000006e-10}",30,18,23.4224792832008,"{0: 12, 1: 0, 2: 0, 3: 0, 4: 0}",1
368,False,"{'a': 0.9, 'e': 1.0000000000000006e-10}",20,14,12.245524172583643,"{0: 6, 1: 0, 2: 0, 3: 0, 4: 0}",1
369,False,"{'a': 0.9, 'e': 1.0000000000000006e-10}",30,19,23.41431871528739,"{0: 11, 1: 0, 2: 0, 3: 0, 4: 0}",1
370,False,"{'a': 0.9, 'e': 1.0000000000000006e-10}",20,10,20.154925507307315,"{0: 10, 1: 0, 2: 0, 3: 0, 4: 0}",1
371,False,"{'a': 0.9, 'e': 1.0000000000000006e-10}",25,17,13.567327196079098,"{0: 8, 1: 0, 2: 0, 3: 0, 4: 0}",1
372,False,"{'a': 0.9, 'e': 1.0000000000000006e-10}",20,12,14.238257544621682,"{0: 8, 1: 0, 2: 0, 3: 0, 4: 0}",1
373,False,"{'a': 0.9, 'e': 1.0000000000000006e-10}",20,12,16.458201837684495,"{0: 8, 1: 0, 2: 0, 3: 0, 4: 0}",1
374,False,"{'a': 0.9, 'e': 1.0000000000000006e-10}",25,14,20.351371254477723,"{0: 11, 1: 0, 2: 0, 3: 0, 4: 0}",1
375,False,"{'a': 0.9, 'e': 1.0000000000000006e-10}",20,12,16.766128499227396,"{0: 8, 1: 0, 2: 0, 3: 0, 4: 0}",1
376,False,"{'a': 0.9, 'e': 1.0000000000000006e-10}",20,11,16.763721566364467,"{0: 9, 1: 0, 2: 0, 3: 0, 4: 0}",1
377,False,"{'a': 0.9, 'e': 1.0000000000000006e-10}",30,22,17.830325438015663,"{0: 8, 1: 0, 2: 0, 3: 0, 4: 0}",1
378,False,"{'a': 0.9, 'e': 1.0000000000000006e-10}",30,14,34.701407276056635,"{0: 16, 1: 0, 2: 0, 3: 0, 4: 0}",1
379,False,"{'a': 0.9, 'e': 1.0000000000000006e-10}",20,0,33.49802647917553,"{0: 20, 1: 0, 2: 0, 3: 0, 4: 0}",0
380,False,"{'a': 0.9, 'e': 1.0000000000000006e-10}",25,13,24.087595643804672,"{0: 12, 1: 0, 2: 0, 3: 0, 4: 0}",1
381,False,"{'a': 0.9, 'e': 1.0000000000000006e-10}",20,6,24.650257001257746,"{0: 14, 1: 0, 2: 0, 3: 0, 4: 0}",1
382,False,"{'a': 0.9, 'e': 1.0000000000000006e-10}",35,19,28.90683633502533,"{0: 16, 1: 0, 2: 0, 3: 0, 4: 0}",1
383,False,"{'a': 0.9, 'e': 1.0000000000000006e-10}",25,17,13.913458102279723,"{0: 8, 1: 0, 2: 0, 3: 0, 4: 0}",1
384,False,"{'a': 0.9, 'e': 1.0000000000000006e-10}",20,13,13.463806556752454,"{0: 7, 1: 0, 2: 0, 3: 0, 4: 0}",1
385,False,"{'a': 0.9, 'e': 1.0000000000000006e-10}",20,10,17.859125110380425,"{0: 10, 1: 0, 2: 0, 3: 0, 4: 0}",1
386,False,"{'a': 0.9, 'e': 1.0000000000000006e-10}",20,7,23.608174839418727,"{0: 13, 1: 0, 2: 0, 3: 0, 4: 0}",1
387,False,"{'a': 0.9, 'e': 1.0000000000000006e-10}",25,15,20.14463747238576,"{0: 10, 1: 0, 2: 0, 3: 0, 4: 0}",1
388,False,"{'a': 0.9, 'e': 1.0000000000000006e-10}",20,8,22.468388111539365,"{0: 12, 1: 0, 2: 0, 3: 0, 4: 0}",1
389,False,"{'a': 0.9, 'e': 1.0000000000000006e-10}",30,20,19.84464817182417,"{0: 10, 1: 0, 2: 0, 3: 0, 4: 0}",1
390,False,"{'a': 0.9, 'e': 1.0000000000000006e-10}",25,20,9.150196995910868,"{0: 5, 1: 0, 2: 0, 3: 0, 4: 0}",1
391,False,"{'a': 0.9, 'e': 1.0000000000000006e-10}",30,15,24.72439500745044,"{0: 15, 1: 0, 2: 0, 3: 0, 4: 0}",1
392,False,"{'a': 0.9, 'e': 1.0000000000000006e-10}",25,19,12.686379957967851,"{0: 6, 1: 0, 2: 0, 3: 0, 4: 0}",1
393,False,"{'a': 0.9, 'e': 1.0000000000000006e-10}",25,12,27.56270035350919,"{0: 13, 1: 0, 2: 0, 3: 0, 4: 0}",1
394,False,"{'a': 0.9, 'e': 1.0000000000000006e-10}",30,8,38.36427172815833,"{0: 22, 1: 0, 2: 0, 3: 0, 4: 0}",1
395,False,"{'a': 0.9, 'e': 1.0000000000000006e-10}",30,18,24.059306073447647,"{0: 12, 1: 0, 2: 0, 3: 0, 4: 0}",1
396,False,"{'a': 0.9, 'e': 1.0000000000000006e-10}",25,12,21.555139053437227,"{0: 13, 1: 0, 2: 0, 3: 0, 4: 0}",1
397,False,"{'a': 0.9, 'e': 1.0000000000000006e-10}",20,8,23.233349164802807,"{0: 12, 1: 0, 2: 0, 3: 0, 4: 0}",1
398,False,"{'a': 0.9, 'e': 1.0000000000000006e-10}",20,10,19.371106733451146,"{0: 10, 1: 0, 2: 0, 3: 0, 4: 0}",1
399,False,"{'a': 0.9, 'e': 1.0000000000000006e-10}",20,8,22.639443393602335,"{0: 12, 1: 0, 2: 0, 3: 0, 4: 0}",1
400,False,"{'a': 0.9, 'e': 0}",30,18,23.312487905814862,"{0: 12, 1: 0, 2: 0, 3: 0, 4: 0}",1
1,True,"{'a': 0, 'e': 0}",25,16,17.147970233169797,"{0: 9, 1: 0, 2: 0, 3: 0, 4: 0}",1
2,True,"{'a': 0, 'e': 0}",30,13,29.37313462930979,"{0: 17, 1: 0, 2: 0, 3: 0, 4: 0}",1
3,True,"{'a': 0, 'e': 0}",20,10,18.241054772015957,"{0: 10, 1: 0, 2: 0, 3: 0, 4: 0}",1
4,True,"{'a': 0, 'e': 0}",20,11,17.028532836163322,"{0: 9, 1: 0, 2: 0, 3: 0, 4: 0}",1
5,True,"{'a': 0, 'e': 0}",25,11,25.120693545690415,"{0: 14, 1: 0, 2: 0, 3: 0, 4: 0}",1
6,True,"{'a': 0, 'e': 0}",20,7,23.0716006769306,"{0: 13, 1: 0, 2: 0, 3: 0, 4: 0}",1
7,True,"{'a': 0, 'e': 0}",25,1,39.91805287701477,"{0: 24, 1: 0, 2: 0, 3: 0, 4: 0}",1
8,True,"{'a': 0, 'e': 0}",25,14,23.315417357462593,"{0: 11, 1: 0, 2: 0, 3: 0, 4: 0}",1
9,True,"{'a': 0, 'e': 0}",25,12,23.904873744890875,"{0: 13, 1: 0, 2: 0, 3: 0, 4: 0}",1
10,True,"{'a': 0, 'e': 0}",30,13,35.785428218665906,"{0: 17, 1: 0, 2: 0, 3: 0, 4: 0}",1
11,True,"{'a': 0, 'e': 0}",20,8,23.53898557227474,"{0: 12, 1: 0, 2: 0, 3: 0, 4: 0}",1
12,True,"{'a': 0, 'e': 0}",20,10,21.12749930751263,"{0: 10, 1: 0, 2: 0, 3: 0, 4: 0}",1
13,True,"{'a': 0, 'e': 0}",25,8,33.18687950632064,"{0: 17, 1: 0, 2: 0, 3: 0, 4: 0}",1
14,True,"{'a': 0, 'e': 0}",25,12,25.231169729269944,"{0: 13, 1: 0, 2: 0, 3: 0, 4: 0}",1
15,True,"{'a': 0, 'e': 0}",20,4,24.90430475527767,"{0: 16, 1: 0, 2: 0, 3: 0, 4: 0}",1
16,True,"{'a': 0, 'e': 0}",30,12,32.89306520694033,"{0: 18, 1: 0, 2: 0, 3: 0, 4: 0}",1
17,True,"{'a': 0, 'e': 0}",20,13,15.715275444468787,"{0: 7, 1: 0, 2: 0, 3: 0, 4: 0}",1
18,True,"{'a': 0, 'e': 0}",25,10,28.045466369141028,"{0: 15, 1: 0, 2: 0, 3: 0, 4: 0}",1
19,True,"{'a': 0, 'e': 0}",20,12,13.526449280704101,"{0: 8, 1: 0, 2: 0, 3: 0, 4: 0}",1
20,True,"{'a': 0, 'e': 0}",25,20,10.172311018605939,"{0: 5, 1: 0, 2: 0, 3: 0, 4: 0}",1
21,True,"{'a': 0, 'e': 0}",20,0,30.244946146185853,"{0: 20, 1: 0, 2: 0, 3: 0, 4: 0}",0
22,True,"{'a': 0, 'e': 0}",35,20,22.40789002627552,"{0: 15, 1: 0, 2: 0, 3: 0, 4: 0}",1
23,True,"{'a': 0, 'e': 0}",35,26,18.20396636750003,"{0: 9, 1: 0, 2: 0, 3: 0, 4: 0}",1
24,True,"{'a': 0, 'e': 0}",20,12,17.200450555582677,"{0: 8, 1: 0, 2: 0, 3: 0, 4: 0}",1
25,True,"{'a': 0, 'e': 0}",20,10,19.33076763935848,"{0: 10, 1: 0, 2: 0, 3: 0, 4: 0}",1
26,True,"{'a': 0, 'e': 0}",25,16,14.869134409127602,"{0: 9, 1: 0, 2: 0, 3: 0, 4: 0}",1
27,True,"{'a': 0, 'e': 0}",25,18,12.921531900037877,"{0: 7, 1: 0, 2: 0, 3: 0, 4: 0}",1
28,True,"{'a': 0, 'e': 0}",20,16,9.912298233837824,"{0: 4, 1: 0, 2: 0, 3: 0, 4: 0}",1
29,True,"{'a': 0, 'e': 0}",20,12,16.222951017729564,"{0: 8, 1: 0, 2: 0, 3: 0, 4: 0}",1
30,True,"{'a': 0, 'e': 0}",25,19,11.03446744971598,"{0: 6, 1: 0, 2: 0, 3: 0, 4: 0}",1
31,True,"{'a': 0, 'e': 0}",20,6,24.067098972145313,"{0: 14, 1: 0, 2: 0, 3: 0, 4: 0}",1
32,True,"{'a': 0, 'e': 0}",30,17,22.059759306224326,"{0: 13, 1: 0, 2: 0, 3: 0, 4: 0}",1
33,True,"{'a': 0, 'e': 0}",25,14,18.843283245655094,"{0: 11, 1: 0, 2: 0, 3: 0, 4: 0}",1
34,True,"{'a': 0, 'e': 0}",20,13,12.365201851684382,"{0: 7, 1: 0, 2: 0, 3: 0, 4: 0}",1
35,True,"{'a': 0, 'e': 0}",20,12,16.769644623714953,"{0: 8, 1: 0, 2: 0, 3: 0, 4: 0}",1
36,True,"{'a': 0, 'e': 0}",20,8,21.799745063982844,"{0: 12, 1: 0, 2: 0, 3: 0, 4: 0}",1
37,True,"{'a': 0, 'e': 0}",25,15,19.193672901128362,"{0: 10, 1: 0, 2: 0, 3: 0, 4: 0}",1
38,True,"{'a': 0, 'e': 0}",20,3,26.091581493125247,"{0: 17, 1: 0, 2: 0, 3: 0, 4: 0}",1
39,True,"{'a': 0, 'e': 0}",30,12,35.346203450446694,"{0: 18, 1: 0, 2: 0, 3: 0, 4: 0}",1
40,True,"{'a': 0, 'e': 0}",25,3,41.376353231314184,"{0: 22, 1: 0, 2: 0, 3: 0, 4: 0}",1
41,True,"{'a': 0, 'e': 0}",25,15,19.157923909308394,"{0: 10, 1: 0, 2: 0, 3: 0, 4: 0}",1
42,True,"{'a': 0, 'e': 0}",25,13,24.489559593102463,"{0: 12, 1: 0, 2: 0, 3: 0, 4: 0}",1
43,True,"{'a': 0, 'e': 0}",20,15,9.355011872174025,"{0: 5, 1: 0, 2: 0, 3: 0, 4: 0}",1
44,True,"{'a': 0, 'e': 0}",20,10,17.08802701474099,"{0: 10, 1: 0, 2: 0, 3: 0, 4: 0}",1
45,True,"{'a': 0, 'e': 0}",20,10,17.170009983762693,"{0: 10, 1: 0, 2: 0, 3: 0, 4: 0}",1
46,True,"{'a': 0, 'e': 0}",20,14,13.459317086262246,"{0: 6, 1: 0, 2: 0, 3: 0, 4: 0}",1
47,True,"{'a': 0, 'e': 0}",20,15,9.930698788994217,"{0: 5, 1: 0, 2: 0, 3: 0, 4: 0}",1
48,True,"{'a': 0, 'e': 0}",30,22,17.59119964029642,"{0: 8, 1: 0, 2: 0, 3: 0, 4: 0}",1
49,True,"{'a': 0, 'e': 0}",25,9,29.73395594273973,"{0: 16, 1: 0, 2: 0, 3: 0, 4: 0}",1
50,True,"{'a': 0, 'e': 0}",20,14,11.921445944631019,"{0: 6, 1: 0, 2: 0, 3: 0, 4: 0}",1
51,True,"{'a': 0, 'e': 0}",20,8,19.556558508796435,"{0: 12, 1: 0, 2: 0, 3: 0, 4: 0}",1
52,True,"{'a': 0, 'e': 0}",25,5,32.29323410519873,"{0: 20, 1: 0, 2: 0, 3: 0, 4: 0}",1
53,True,"{'a': 0, 'e': 0}",25,20,9.105238846787529,"{0: 5, 1: 0, 2: 0, 3: 0, 4: 0}",1
54,True,"{'a': 0, 'e': 0}",20,9,20.478815493315864,"{0: 11, 1: 0, 2: 0, 3: 0, 4: 0}",1
55,True,"{'a': 0, 'e': 0}",20,0,31.37221793473682,"{0: 20, 1: 0, 2: 0, 3: 0, 4: 0}",0
56,True,"{'a': 0, 'e': 0}",20,13,15.898029939528588,"{0: 7, 1: 0, 2: 0, 3: 0, 4: 0}",1
57,True,"{'a': 0, 'e': 0}",30,15,27.692283574507893,"{0: 15, 1: 0, 2: 0, 3: 0, 4: 0}",1
58,True,"{'a': 0, 'e': 0}",25,17,13.652593369019227,"{0: 8, 1: 0, 2: 0, 3: 0, 4: 0}",1
59,True,"{'a': 0, 'e': 0}",30,15,25.012263504401865,"{0: 15, 1: 0, 2: 0, 3: 0, 4: 0}",1
60,True,"{'a': 0, 'e': 0}",25,16,20.918901926157652,"{0: 9, 1: 0, 2: 0, 3: 0, 4: 0}",1
61,True,"{'a': 0, 'e': 0}",25,18,12.598365975556629,"{0: 7, 1: 0, 2: 0, 3: 0, 4: 0}",1
62,True,"{'a': 0, 'e': 0}",25,15,21.48539233849602,"{0: 10, 1: 0, 2: 0, 3: 0, 4: 0}",1
63,True,"{'a': 0, 'e': 0}",20,16,8.389635403595205,"{0: 4, 1: 0, 2: 0, 3: 0, 4: 0}",1
64,True,"{'a': 0, 'e': 0}",25,15,18.852903016487215,"{0: 10, 1: 0, 2: 0, 3: 0, 4: 0}",1
65,True,"{'a': 0, 'e': 0}",25,9,29.167459960853147,"{0: 16, 1: 0, 2: 0, 3: 0, 4: 0}",1
66,True,"{'a': 0, 'e': 0}",30,17,25.810305332634528,"{0: 13, 1: 0, 2: 0, 3: 0, 4: 0}",1
67,True,"{'a': 0, 'e': 0}",20,6,21.811747616003526,"{0: 14, 1: 0, 2: 0, 3: 0, 4: 0}",1
68,True,"{'a': 0, 'e': 0}",30,19,20.54433408583452,"{0: 11, 1: 0, 2: 0, 3: 0, 4: 0}",1
69,True,"{'a': 0, 'e': 0}",20,11,19.06399548159883,"{0: 9, 1: 0, 2: 0, 3: 0, 4: 0}",1
70,True,"{'a': 0, 'e': 0}",25,11,24.822928400036634,"{0: 14, 1: 0, 2: 0, 3: 0, 4: 0}",1
71,True,"{'a': 0, 'e': 0}",20,8,22.289222090088074,"{0: 12, 1: 0, 2: 0, 3: 0, 4: 0}",1
72,True,"{'a': 0, 'e': 0}",25,14,19.09808143202658,"{0: 11, 1: 0, 2: 0, 3: 0, 4: 0}",1
73,True,"{'a': 0, 'e': 0}",30,21,22.558831065597033,"{0: 9, 1: 0, 2: 0, 3: 0, 4: 0}",1
74,True,"{'a': 0, 'e': 0}",25,14,19.026074332230593,"{0: 11, 1: 0, 2: 0, 3: 0, 4: 0}",1
75,True,"{'a': 0, 'e': 0}",20,7,21.919767202194922,"{0: 13, 1: 0, 2: 0, 3: 0, 4: 0}",1
76,True,"{'a': 0, 'e': 0}",20,14,13.162597955552037,"{0: 6, 1: 0, 2: 0, 3: 0, 4: 0}",1
77,True,"{'a': 0, 'e': 0}",20,0,23.624371191254998,"{0: 20, 1: 0, 2: 0, 3: 0, 4: 0}",1
78,True,"{'a': 0, 'e': 0}",30,13,28.533437595445015,"{0: 17, 1: 0, 2: 0, 3: 0, 4: 0}",1
79,True,"{'a': 0, 'e': 0}",25,6,32.77620290981147,"{0: 19, 1: 0, 2: 0, 3: 0, 4: 0}",1
80,True,"{'a': 0, 'e': 0}",25,11,25.67532552577928,"{0: 14, 1: 0, 2: 0, 3: 0, 4: 0}",1
81,True,"{'a': 0, 'e': 0}",20,10,17.49224366275487,"{0: 10, 1: 0, 2: 0, 3: 0, 4: 0}",1
82,True,"{'a': 0, 'e': 0}",30,12,31.782619948478274,"{0: 18, 1: 0, 2: 0, 3: 0, 4: 0}",1
83,True,"{'a': 0, 'e': 0}",20,12,12.970735872768067,"{0: 8, 1: 0, 2: 0, 3: 0, 4: 0}",1
84,True,"{'a': 0, 'e': 0}",25,15,20.615577576978744,"{0: 10, 1: 0, 2: 0, 3: 0, 4: 0}",1
85,True,"{'a': 0, 'e': 0}",20,16,5.2288434141017515,"{0: 4, 1: 0, 2: 0, 3: 0, 4: 0}",1
86,True,"{'a': 0, 'e': 0}",20,8,18.978293600465726,"{0: 12, 1: 0, 2: 0, 3: 0, 4: 0}",1
87,True,"{'a': 0, 'e': 0}",20,16,8.203561155401333,"{0: 4, 1: 0, 2: 0, 3: 0, 4: 0}",1
88,True,"{'a': 0, 'e': 0}",25,16,18.4760935759742,"{0: 9, 1: 0, 2: 0, 3: 0, 4: 0}",1
89,True,"{'a': 0, 'e': 0}",25,15,21.132460570607357,"{0: 10, 1: 0, 2: 0, 3: 0, 4: 0}",1
90,True,"{'a': 0, 'e': 0}",20,15,9.495107618431764,"{0: 5, 1: 0, 2: 0, 3: 0, 4: 0}",1
91,True,"{'a': 0, 'e': 0}",25,12,24.60419198429083,"{0: 13, 1: 0, 2: 0, 3: 0, 4: 0}",1
92,True,"{'a': 0, 'e': 0}",20,3,33.69507283353083,"{0: 17, 1: 0, 2: 0, 3: 0, 4: 0}",1
93,True,"{'a': 0, 'e': 0}",25,12,27.205213933754088,"{0: 13, 1: 0, 2: 0, 3: 0, 4: 0}",1
94,True,"{'a': 0, 'e': 0}",30,13,30.521395109362857,"{0: 17, 1: 0, 2: 0, 3: 0, 4: 0}",1
95,True,"{'a': 0, 'e': 0}",20,14,12.888600643467196,"{0: 6, 1: 0, 2: 0, 3: 0, 4: 0}",1
96,True,"{'a': 0, 'e': 0}",25,8,32.791647336010854,"{0: 17, 1: 0, 2: 0, 3: 0, 4: 0}",1
97,True,"{'a': 0, 'e': 0}",25,16,15.545628296078295,"{0: 9, 1: 0, 2: 0, 3: 0, 4: 0}",1
98,True,"{'a': 0, 'e': 0}",20,13,12.547684155533002,"{0: 7, 1: 0, 2: 0, 3: 0, 4: 0}",1
99,True,"{'a': 0, 'e': 0}",30,14,27.610121744296737,"{0: 16, 1: 0, 2: 0, 3: 0, 4: 0}",1
100,True,"{'a': 0, 'e': 0}",30,18,21.107354933664432,"{0: 12, 1: 0, 2: 0, 3: 0, 4: 0}",1
